{
    "accuracytop1": 0.13075657933950424,
    "accuracytop5": 0.6194490194320679,
    "loss": 2.5509254932403564,
    "ls_all": 2.5509254932403564,
    "ls_CE": 2.5509254932403564,
    "best_epoch": 1.0
}