{
    "accuracytop1": 0.17561502009630203,
    "accuracytop5": 0.5262632966041565,
    "loss": 2.2940011024475098,
    "ls_all": 2.2940011024475098,
    "ls_CE": 2.2940011024475098,
    "best_epoch": 1000.0
}