{
    "accuracytop1": 0.1484375,
    "accuracytop5": 0.5505208373069763,
    "loss": 2.3533476988474527,
    "ls_all": 2.3533476988474527,
    "ls_CE": 2.3533476988474527,
    "best_epoch": 1000.0
}