{
    "accuracytop1": 0.08490953966975212,
    "accuracytop5": 0.4781387150287628,
    "loss": 2.2295066118240356,
    "ls_all": 2.2295066118240356,
    "ls_CE": 2.2295066118240356,
    "best_epoch": 1000.0
}