{
    "accuracytop1": 0.14322916666666666,
    "accuracytop5": 0.5395833353201548,
    "loss": 2.4276294708251953,
    "ls_all": 2.4276294708251953,
    "ls_CE": 2.4276294708251953,
    "best_epoch": 2.0
}