{
    "accuracytop1": 0.15104166666666666,
    "accuracytop5": 0.560937503973643,
    "loss": 2.3638558387756348,
    "ls_all": 2.3638558387756348,
    "ls_CE": 2.3638558387756348,
    "best_epoch": 272.0
}