{
    "accuracytop1": 0.13802083333333334,
    "accuracytop5": 0.5479166706403097,
    "loss": 2.333655039469401,
    "ls_all": 2.333655039469401,
    "ls_CE": 2.333655039469401,
    "best_epoch": 1000.0
}