{
    "accuracytop1": 0.17952127009630203,
    "accuracytop5": 0.5145445466041565,
    "loss": 2.295841693878174,
    "ls_all": 2.295841693878174,
    "ls_CE": 2.295841693878174,
    "best_epoch": 24.0
}