{
    "accuracytop1": 0.11197916666666667,
    "accuracytop5": 0.510937511920929,
    "loss": 2.4452668031056723,
    "ls_all": 2.4452668031056723,
    "ls_CE": 2.4452668031056723,
    "best_epoch": 10.0
}