{
    "accuracytop1": 0.09843750049670537,
    "accuracytop5": 0.542187511920929,
    "loss": 2.3517337640126548,
    "ls_all": 2.3517337640126548,
    "ls_CE": 2.3517337640126548,
    "best_epoch": 1000.0
}