{
    "accuracytop1": 0.15315315127372742,
    "accuracytop5": 0.5405405759811401,
    "loss": 2.352766275405884,
    "ls_all": 2.352766275405884,
    "ls_CE": 2.352766275405884,
    "best_epoch": 1.0
}