{
    "accuracytop1": 0.11999725922942162,
    "accuracytop5": 0.562911182641983,
    "loss": 2.2035133838653564,
    "ls_all": 2.2035133838653564,
    "ls_CE": 2.2035133838653564,
    "best_epoch": 140.0
}