{
    "accuracytop1": 0.1355551853775978,
    "accuracytop5": 0.49750664830207825,
    "loss": 2.32937490940094,
    "ls_all": 2.32937490940094,
    "ls_CE": 2.32937490940094,
    "best_epoch": 19.0
}