{
    "accuracytop1": 0.11461103707551956,
    "accuracytop5": 0.5184507966041565,
    "loss": 2.315127968788147,
    "ls_all": 2.315127968788147,
    "ls_CE": 2.315127968788147,
    "best_epoch": 1000.0
}