{
    "accuracytop1": 0.10731907933950424,
    "accuracytop5": 0.554139256477356,
    "loss": 2.202714204788208,
    "ls_all": 2.202714204788208,
    "ls_CE": 2.202714204788208,
    "best_epoch": 1000.0
}