{
    "accuracytop1": 0.054054055362939835,
    "accuracytop5": 0.4864864945411682,
    "loss": 2.5757017135620117,
    "ls_all": 2.5757017135620117,
    "ls_CE": 2.5757017135620117,
    "best_epoch": 93.0
}