{
    "accuracytop1": 0.09843750049670537,
    "accuracytop5": 0.5447916785875956,
    "loss": 2.3516648610432944,
    "ls_all": 2.3516648610432944,
    "ls_CE": 2.3516648610432944,
    "best_epoch": 1000.0
}