{
    "accuracytop1": 0.14760638028383255,
    "accuracytop5": 0.5237699449062347,
    "loss": 2.2974815368652344,
    "ls_all": 2.2974815368652344,
    "ls_CE": 2.2974815368652344,
    "best_epoch": 230.0
}