{
    "accuracytop1": 0.13979388028383255,
    "accuracytop5": 0.525182843208313,
    "loss": 2.296577572822571,
    "ls_all": 2.296577572822571,
    "ls_CE": 2.296577572822571,
    "best_epoch": 351.0
}