{
    "accuracytop1": 0.16145833333333334,
    "accuracytop5": 0.5911458333333334,
    "loss": 2.2905741135279336,
    "ls_all": 2.2905741135279336,
    "ls_CE": 2.2905741135279336,
    "best_epoch": 1000.0
}