{
    "accuracytop1": 0.10215643296639125,
    "accuracytop5": 0.47889254490534466,
    "loss": 2.2822656631469727,
    "ls_all": 2.2822656631469727,
    "ls_CE": 2.2822656631469727,
    "best_epoch": 1000.0
}