{
    "accuracytop1": 0.15104166666666666,
    "accuracytop5": 0.5963541666666666,
    "loss": 2.290822982788086,
    "ls_all": 2.290822982788086,
    "ls_CE": 2.290822982788086,
    "best_epoch": 1000.0
}