{
    "accuracytop1": 0.15156250447034836,
    "accuracytop5": 0.51171875,
    "loss": 2.3342593908309937,
    "ls_all": 2.3342593908309937,
    "ls_CE": 2.3342593908309937,
    "best_epoch": 1000.0
}