{
    "accuracytop1": 0.1359649101893107,
    "accuracytop5": 0.5276864071687063,
    "loss": 2.303274234135946,
    "ls_all": 2.303274234135946,
    "ls_CE": 2.303274234135946,
    "best_epoch": 160.0
}