{
    "accuracytop1": 0.18776042014360428,
    "accuracytop5": 0.5317708402872086,
    "loss": 2.3499343395233154,
    "ls_all": 2.3499343395233154,
    "ls_CE": 2.3499343395233154,
    "best_epoch": 150.0
}