{
    "accuracytop1": 0.16145833333333334,
    "accuracytop5": 0.5703125,
    "loss": 2.2923239866892495,
    "ls_all": 2.2923239866892495,
    "ls_CE": 2.2923239866892495,
    "best_epoch": 169.0
}