{
    "accuracytop1": 0.6992228105664253,
    "accuracytop5": 0.9433634357677924,
    "loss": 0.9728623834010717,
    "ls_all": 0.9728623834010717,
    "ls_CE": 0.9728623834010717,
    "best_epoch": 7.0
}