{
    "accuracytop1": 0.893808471995431,
    "accuracytop5": 0.985629710393983,
    "loss": 0.33613576440493,
    "ls_all": 0.33613576440493,
    "ls_CE": 0.33613576440493,
    "best_epoch": 391.0
}