{
    "accuracytop1": 0.8922248571305662,
    "accuracytop5": 0.9855241360696586,
    "loss": 0.338579877254528,
    "ls_all": 0.338579877254528,
    "ls_CE": 0.338579877254528,
    "best_epoch": 400.0
}