{
    "accuracytop1": 0.7122449975561451,
    "accuracytop5": 0.9511596935020911,
    "loss": 0.9053928767507141,
    "ls_all": 0.9053928767507141,
    "ls_CE": 0.9053928767507141,
    "best_epoch": 8.0
}