{
    "accuracytop1": 0.16145833333333334,
    "accuracytop5": 0.5885416666666666,
    "loss": 2.292482852935791,
    "ls_all": 2.292482852935791,
    "ls_CE": 2.292482852935791,
    "best_epoch": 297.0
}