{
    "accuracytop1": 0.1966145858168602,
    "accuracytop5": 0.5,
    "loss": 2.3411083221435547,
    "ls_all": 2.3411083221435547,
    "ls_CE": 2.3411083221435547,
    "best_epoch": 227.0
}