{
    "accuracytop1": 0.132675439119339,
    "accuracytop5": 0.5179093579451243,
    "loss": 2.3594392935434976,
    "ls_all": 2.3594392935434976,
    "ls_CE": 2.3594392935434976,
    "best_epoch": 60.0
}