{
    "accuracytop1": 0.1640625,
    "accuracytop5": 0.5963541666666666,
    "loss": 2.290960113207499,
    "ls_all": 2.290960113207499,
    "ls_CE": 2.290960113207499,
    "best_epoch": 44.0
}