{
    "accuracytop1": 0.14817708730697632,
    "accuracytop5": 0.49270834028720856,
    "loss": 2.333265542984009,
    "ls_all": 2.333265542984009,
    "ls_CE": 2.333265542984009,
    "best_epoch": 1000.0
}