{
    "accuracytop1": 0.15625,
    "accuracytop5": 0.5859375,
    "loss": 2.2857194741566977,
    "ls_all": 2.2857194741566977,
    "ls_CE": 2.2857194741566977,
    "best_epoch": 1000.0
}