{
    "accuracytop1": 0.11257309963305791,
    "accuracytop5": 0.47825292746225995,
    "loss": 2.2824610074361167,
    "ls_all": 2.2824610074361167,
    "ls_CE": 2.2824610074361167,
    "best_epoch": 1000.0
}