{
    "accuracytop1": 0.15625,
    "accuracytop5": 0.6015625,
    "loss": 2.2895716031392417,
    "ls_all": 2.2895716031392417,
    "ls_CE": 2.2895716031392417,
    "best_epoch": 1000.0
}