{
    "accuracytop1": 0.35729166865348816,
    "accuracytop5": 0.780468761920929,
    "loss": 2.826735019683838,
    "ls_all": 2.826735019683838,
    "ls_CE": 2.826735019683838,
    "best_epoch": 1000.0
}