{
    "accuracytop1": 0.39635416865348816,
    "accuracytop5": 0.784375011920929,
    "loss": 2.7913511395454407,
    "ls_all": 2.7913511395454407,
    "ls_CE": 2.7913511395454407,
    "best_epoch": 962.0
}