{
    "accuracytop1": 0.5182291666666666,
    "accuracytop5": 0.9505208333333334,
    "loss": 2.6285480161507926,
    "ls_all": 2.6285480161507926,
    "ls_CE": 2.6285480161507926,
    "best_epoch": 701.0
}