{
    "accuracytop1": 0.5078125,
    "accuracytop5": 0.9505208333333334,
    "loss": 2.6381666362285614,
    "ls_all": 2.6381666362285614,
    "ls_CE": 2.6381666362285614,
    "best_epoch": 1000.0
}