{
    "accuracytop1": 0.5689102576838599,
    "accuracytop5": 0.9085203011830648,
    "loss": 2.5541460381613836,
    "ls_all": 2.5541460381613836,
    "ls_CE": 2.5541460381613836,
    "best_epoch": 1000.0
}