{
    "accuracytop1": 0.1503106728196144,
    "accuracytop5": 0.5829678376515707,
    "loss": 2.260096708933512,
    "ls_all": 2.260096708933512,
    "ls_CE": 2.260096708933512,
    "best_epoch": 22.0
}