{
    "accuracytop1": 0.4661458333333333,
    "accuracytop5": 0.9114583333333334,
    "loss": 1.9253576596577961,
    "ls_all": 1.9253576596577961,
    "ls_CE": 1.9253576596577961,
    "best_epoch": 513.0
}