{
    "accuracytop1": 0.10087719311316808,
    "accuracytop5": 0.49323831001917523,
    "loss": 2.2122182846069336,
    "ls_all": 2.2122182846069336,
    "ls_CE": 2.2122182846069336,
    "best_epoch": 1000.0
}