{
    "accuracytop1": 0.18385417014360428,
    "accuracytop5": 0.47994792461395264,
    "loss": 2.3031973242759705,
    "ls_all": 2.3031973242759705,
    "ls_CE": 2.3031973242759705,
    "best_epoch": 6.0
}