{
    "accuracytop1": 0.5758547021283044,
    "accuracytop5": 0.9063835475179884,
    "loss": 2.528043031692505,
    "ls_all": 2.528043031692505,
    "ls_CE": 2.528043031692505,
    "best_epoch": 528.0
}