{
    "accuracytop1": 0.1731770858168602,
    "accuracytop5": 0.47994792461395264,
    "loss": 2.3016995787620544,
    "ls_all": 2.3016995787620544,
    "ls_CE": 2.3016995787620544,
    "best_epoch": 8.0