{
    "accuracytop1": 0.4479166666666667,
    "accuracytop5": 0.9166666666666666,
    "loss": 1.9565448959668477,
    "ls_all": 1.9565448959668477,
    "ls_CE": 1.9565448959668477,
    "best_epoch": 1000.0
}