{
    "accuracytop1": 0.12362938622633617,
    "accuracytop5": 0.5232090651988983,
    "loss": 2.1965559323628745,
    "ls_all": 2.1965559323628745,
    "ls_CE": 2.1965559323628745,
    "best_epoch": 400.0
}