{
    "accuracytop1": 0.16323138028383255,
    "accuracytop5": 0.5890957415103912,
    "loss": 2.2910574674606323,
    "ls_all": 2.2910574674606323,
    "ls_CE": 2.2910574674606323,
    "best_epoch": 14.0
}