{
    "accuracytop1": 0.4375,
    "accuracytop5": 0.8932291666666666,
    "loss": 1.778904636700948,
    "ls_all": 1.778904636700948,
    "ls_CE": 1.778904636700948,
    "best_epoch": 400.0
}