{
    "accuracytop1": 0.4453125,
    "accuracytop5": 0.9322916666666666,
    "loss": 1.9034479061762493,
    "ls_all": 1.9034479061762493,
    "ls_CE": 1.9034479061762493,
    "best_epoch": 400.0
}