{
    "accuracytop1": 0.15551900615294775,
    "accuracytop5": 0.5341739853223165,
    "loss": 2.2759101390838623,
    "ls_all": 2.2759101390838623,
    "ls_CE": 2.2759101390838623,
    "best_epoch": 21.0
}