{
    "accuracytop1": 0.12350398674607277,
    "accuracytop5": 0.5244348347187042,
    "loss": 2.445948004722595,
    "ls_all": 2.445948004722595,
    "ls_CE": 2.445948004722595,
    "best_epoch": 400.0
}