{
    "accuracytop1": 0.12632978707551956,
    "accuracytop5": 0.5265957415103912,
    "loss": 2.3525742292404175,
    "ls_all": 2.3525742292404175,
    "ls_CE": 2.3525742292404175,
    "best_epoch": 19.0
}