{
    "accuracytop1": 0.75,
    "accuracytop5": 0.9756944444444444,
    "loss": 1.0436314576201968,
    "ls_all": 1.0436314576201968,
    "ls_CE": 1.0436314576201968,
    "best_epoch": 386.0
}