{
    "accuracytop1": 0.1966145858168602,
    "accuracytop5": 0.5317708402872086,
    "loss": 2.42415452003479,
    "ls_all": 2.42415452003479,
    "ls_CE": 2.42415452003479,
    "best_epoch": 233.0
}