{
    "accuracytop1": 0.41484375298023224,
    "accuracytop5": 0.8333333432674408,
    "loss": 2.4732889235019684,
    "ls_all": 2.4732889235019684,
    "ls_CE": 2.4732889235019684,
    "best_epoch": 341.0
}