{
    "accuracytop1": 0.6059027777777778,
    "accuracytop5": 0.9304220146603055,
    "loss": 2.4238833255238004,
    "ls_all": 2.4238833255238004,
    "ls_CE": 2.4238833255238004,
    "best_epoch": 384.0
}