{
    "accuracytop1": 0.015625,
    "accuracytop5": 0.4208776503801346,
    "loss": 2.464237689971924,
    "ls_all": 2.464237689971924,
    "ls_CE": 2.464237689971924,
    "best_epoch": 400.0
}