{
    "accuracytop1": 0.4609375,
    "accuracytop5": 0.890625,
    "loss": 1.729914367198944,
    "ls_all": 1.729914367198944,
    "ls_CE": 1.729914367198944,
    "best_epoch": 328.0
}