{
    "accuracytop1": 0.5,
    "accuracytop5": 0.5,
    "loss": 2.1685707569122314,
    "ls_all": 2.1685707569122314,
    "ls_CE": 2.1685707569122314,
    "best_epoch": 370.0
}