{
    "accuracytop1": 0.0,
    "accuracytop5": 0.5,
    "loss": 3.9403059482574463,
    "ls_all": 3.9403059482574463,
    "ls_CE": 3.9403059482574463,
    "best_epoch": 400.0
}