{
    "accuracytop1": 0.7413194444444444,
    "accuracytop5": 0.9791666666666666,
    "loss": 1.0543964207172394,
    "ls_all": 1.0543964207172394,
    "ls_CE": 1.0543964207172394,
    "best_epoch": 395.0
}