{
    "accuracytop1": 0.2044270858168602,
    "accuracytop5": 0.55859375,
    "loss": 2.3087964057922363,
    "ls_all": 2.3087964057922363,
    "ls_CE": 2.3087964057922363,
    "best_epoch": 17.0
}