{
    "accuracytop1": 0.36406250298023224,
    "accuracytop5": 0.8768229335546494,
    "loss": 2.521254241466522,
    "ls_all": 2.521254241466522,
    "ls_CE": 2.521254241466522,
    "best_epoch": 400.0
}