{
    "accuracytop1": 0.4869791666666667,
    "accuracytop5": 0.9296875,
    "loss": 1.863076090812683,
    "ls_all": 1.863076090812683,
    "ls_CE": 1.863076090812683,
    "best_epoch": 362.0
}