{
    "accuracytop1": 0.5920138888888888,
    "accuracytop5": 0.9273504283693101,
    "loss": 2.441892451710171,
    "ls_all": 2.441892451710171,
    "ls_CE": 2.441892451710171,
    "best_epoch": 400.0
}