{
    "accuracytop1": 0.1328125,
    "accuracytop5": 0.545312503973643,
    "loss": 2.314688523610433,
    "ls_all": 2.314688523610433,
    "ls_CE": 2.314688523610433,
    "best_epoch": 1000.0
}