{
    "accuracytop1": 0.14925986528396606,
    "accuracytop5": 0.49273574352264404,
    "loss": 2.204095721244812,
    "ls_all": 2.204095721244812,
    "ls_CE": 2.204095721244812,
    "best_epoch": 12.0
}