{
    "accuracytop1": 0.11513157933950424,
    "accuracytop5": 0.4801260977983475,
    "loss": 2.203541398048401,
    "ls_all": 2.203541398048401,
    "ls_CE": 2.203541398048401,
    "best_epoch": 1000.0
}