{
    "accuracytop1": 0.15000000099341074,
    "accuracytop5": 0.5411458412806193,
    "loss": 2.3506364822387695,
    "ls_all": 2.3506364822387695,
    "ls_CE": 2.3506364822387695,
    "best_epoch": 1.0
}