{
    "accuracytop1": 0.15000000099341074,
    "accuracytop5": 0.5411458412806193,
    "loss": 2.35063370068868,
    "ls_all": 2.35063370068868,
    "ls_CE": 2.35063370068868,
    "best_epoch": 1.0
}