{
    "accuracytop1": 0.17561502009630203,
    "accuracytop5": 0.4999999850988388,
    "loss": 2.3054922819137573,
    "ls_all": 2.3054922819137573,
    "ls_CE": 2.3054922819137573,
    "best_epoch": 1000.0
}