{
    "accuracytop1": 0.13541666666666666,
    "accuracytop5": 0.5625,
    "loss": 2.3163796265920005,
    "ls_all": 2.3163796265920005,
    "ls_CE": 2.3163796265920005,
    "best_epoch": 1000.0
}