{
    "accuracytop1": 0.2044270858168602,
    "accuracytop5": 0.5239583402872086,
    "loss": 2.365941345691681,
    "ls_all": 2.365941345691681,
    "ls_CE": 2.365941345691681,
    "best_epoch": 8.0
}