{
    "accuracytop1": 0.4973958333333333,
    "accuracytop5": 0.9348958333333334,
    "loss": 2.0806686778863273,
    "ls_all": 2.0806686778863273,
    "ls_CE": 2.0806686778863273,
    "best_epoch": 1000.0
}