{
    "accuracytop1": 0.2161458358168602,
    "accuracytop5": 0.5338541716337204,
    "loss": 2.4764105677604675,
    "ls_all": 2.4764105677604675,
    "ls_CE": 2.4764105677604675,
    "best_epoch": 9.0
}