{
    "accuracytop1": 0.16666666666666666,
    "accuracytop5": 0.5104166666666666,
    "loss": 2.3154412110646567,
    "ls_all": 2.3154412110646567,
    "ls_CE": 2.3154412110646567,
    "best_epoch": 10.0
}