{
    "accuracytop1": 0.1888020858168602,
    "accuracytop5": 0.5278645902872086,
    "loss": 2.2839486598968506,
    "ls_all": 2.2839486598968506,
    "ls_CE": 2.2839486598968506,
    "best_epoch": 800.0
}