{
    "accuracytop1": 0.5286458333333334,
    "accuracytop5": 0.9322916666666666,
    "loss": 2.077900846799215,
    "ls_all": 2.077900846799215,
    "ls_CE": 2.077900846799215,
    "best_epoch": 480.0
}