{
    "accuracytop1": 0.13802083333333334,
    "accuracytop5": 0.5442708333333334,
    "loss": 2.4480115175247192,
    "ls_all": 2.4480115175247192,
    "ls_CE": 2.4480115175247192,
    "best_epoch": 1000.0
}