{
    "accuracytop1": 0.1888020858168602,
    "accuracytop5": 0.5322916805744171,
    "loss": 2.4135316014289856,
    "ls_all": 2.4135316014289856,
    "ls_CE": 2.4135316014289856,
    "best_epoch": 1000.0
}