{
    "accuracytop1": 0.1640625,
    "accuracytop5": 0.5729166666666666,
    "loss": 2.301913340886434,
    "ls_all": 2.301913340886434,
    "ls_CE": 2.301913340886434,
    "best_epoch": 41.0
}