{
    "accuracytop1": 0.2317708358168602,
    "accuracytop5": 0.5122395902872086,
    "loss": 6.13328230381012,
    "ls_all": 6.13328230381012,
    "ls_CE": 6.13328230381012,
    "best_epoch": 9.0
}