{
    "accuracytop1": 0.16200657685597739,
    "accuracytop5": 0.4866593579451243,
    "loss": 3.575205405553182,
    "ls_all": 3.575205405553182,
    "ls_CE": 3.575205405553182,
    "best_epoch": 17.0
}