{
    "accuracytop1": 0.09566885977983475,
    "accuracytop5": 0.5088633100191752,
    "loss": 2.217706282933553,
    "ls_all": 2.217706282933553,
    "ls_CE": 2.217706282933553,
    "best_epoch": 1000.0
}