{
    "accuracytop1": 0.1888020858168602,
    "accuracytop5": 0.5278645902872086,
    "loss": 2.282889425754547,
    "ls_all": 2.282889425754547,
    "ls_CE": 2.282889425754547,
    "best_epoch": 1000.0
}