{
    "accuracytop1": 0.24739583333333334,
    "accuracytop5": 0.8489583333333334,
    "loss": 2.0179737408955893,
    "ls_all": 2.0179737408955893,
    "ls_CE": 2.0179737408955893,
    "best_epoch": 1000.0
}