{
    "accuracytop1": 0.14583333333333334,
    "accuracytop5": 0.5520833333333334,
    "loss": 2.2919811407725015,
    "ls_all": 2.2919811407725015,
    "ls_CE": 2.2919811407725015,
    "best_epoch": 1000.0
}