{
    "accuracytop1": 0.2682291666666667,
    "accuracytop5": 0.8359375,
    "loss": 2.036947170893351,
    "ls_all": 2.036947170893351,
    "ls_CE": 2.036947170893351,
    "best_epoch": 150.0
}