{
    "accuracytop1": 0.14583333333333334,
    "accuracytop5": 0.5286458333333334,
    "loss": 2.290502587954203,
    "ls_all": 2.290502587954203,
    "ls_CE": 2.290502587954203,
    "best_epoch": 150.0
}