{
    "accuracytop1": 0.24687500298023224,
    "accuracytop5": 0.6916666775941849,
    "loss": 2.3821061849594116,
    "ls_all": 2.3821061849594116,
    "ls_CE": 2.3821061849594116,
    "best_epoch": 141.0
}