{
    "accuracytop1": 0.3020833333333333,
    "accuracytop5": 0.8333333333333334,
    "loss": 1.9136291941006978,
    "ls_all": 1.9136291941006978,
    "ls_CE": 1.9136291941006978,
    "best_epoch": 148.0
}