{
    "accuracytop1": 0.16666666666666666,
    "accuracytop5": 0.5182291666666666,
    "loss": 2.311419208844503,
    "ls_all": 2.311419208844503,
    "ls_CE": 2.311419208844503,
    "best_epoch": 10.0
}