{
    "accuracytop1": 0.09046052644650142,
    "accuracytop5": 0.5147112607955933,
    "loss": 2.2021267414093018,
    "ls_all": 2.2021267414093018,
    "ls_CE": 2.2021267414093018,
    "best_epoch": 150.0
}