{
    "accuracytop1": 0.23411458730697632,
    "accuracytop5": 0.729687511920929,
    "loss": 2.264549970626831,
    "ls_all": 2.264549970626831,
    "ls_CE": 2.264549970626831,
    "best_epoch": 150.0
}