{
    "accuracytop1": 0.17763157685597739,
    "accuracytop5": 0.5881761709849039,
    "loss": 2.235400597254435,
    "ls_all": 2.235400597254435,
    "ls_CE": 2.235400597254435,
    "best_epoch": 23.0
}