{
    "accuracytop1": 0.3697916666666667,
    "accuracytop5": 0.8854166666666666,
    "loss": 1.7189816236495972,
    "ls_all": 1.7189816236495972,
    "ls_CE": 1.7189816236495972,
    "best_epoch": 194.0
}