{
    "accuracytop1": 0.15104166666666666,
    "accuracytop5": 0.5416666666666666,
    "loss": 2.3527875741322837,
    "ls_all": 2.3527875741322837,
    "ls_CE": 2.3527875741322837,
    "best_epoch": 200.0
}