{
    "accuracytop1": 0.11842105289300282,
    "accuracytop5": 0.5140716433525085,
    "loss": 2.2064358393351235,
    "ls_all": 2.2064358393351235,
    "ls_CE": 2.2064358393351235,
    "best_epoch": 200.0
}