{
    "accuracytop1": 0.359375,
    "accuracytop5": 0.8776041666666666,
    "loss": 1.7461512287457783,
    "ls_all": 1.7461512287457783,
    "ls_CE": 1.7461512287457783,
    "best_epoch": 200.0
}