{
    "accuracytop1": 0.16145833333333334,
    "accuracytop5": 0.515625,
    "loss": 2.3579928874969482,
    "ls_all": 2.3579928874969482,
    "ls_CE": 2.3579928874969482,
    "best_epoch": 199.0
}