{
    "accuracytop1": 0.16136695941289267,
    "accuracytop5": 0.5088633100191752,
    "loss": 2.2028682231903076,
    "ls_all": 2.2028682231903076,
    "ls_CE": 2.2028682231903076,
    "best_epoch": 127.0
}