{
    "accuracytop1": 0.35338541865348816,
    "accuracytop5": 0.8260416835546494,
    "loss": 2.209354341030121,
    "ls_all": 2.209354341030121,
    "ls_CE": 2.209354341030121,
    "best_epoch": 198.0
}