{
    "accuracytop1": 0.2971354201436043,
    "accuracytop5": 0.8104166835546494,
    "loss": 2.3628565967082977,
    "ls_all": 2.3628565967082977,
    "ls_CE": 2.3628565967082977,
    "best_epoch": 200.0
}